job_title,recruiter,overview,skills,regions,publish_date,link
Chargé de Clientèle Bilingue,MAJOREL,"Rattaché au Responsable du Groupe, le Chargé de Clientèle Bilingue est amené à répondre aux demandes d’informations, de... ","ACCOMPAGNEMENT,ACHATS,FORMATION,VENTE","Atakpamé,Dapaong,Kara,Lomé,Sokodé",19.11.2022,/offre-emploi-togo/charge-clienteles-bilingues-174589
Directeur Général,AFRIK CREANCES TOGO,"Dans la perspective de son développement en Afrique, AFRIK CREANCES, une nouvelle Institution Financière Régionale, spécialisée dans le... ","BUSINESS MANAGEMENT,GESTION,GESTION DES RISQUES,INGÉNIERIE FINANCIÈRE,LEADERSHIP,MANAGEMENT,PLANIFICATION,RÉGLEMENTATION BANCAIRE,STRATÉGIE,STRATÉGIE DE DÉVELOPPEMENT",Lomé,19.11.2022,/offre-emploi-togo/directeur-general-202979
Commercial H/F,N.C.,NSIA Vie Assurances recrute dans le cadre du renforcement de son équipe commerciale des agents compétents et dynamiques pour le poste de... ,VENTE,Lomé,19.11.2022,/offre-emploi-togo/commercial-hf-203321
Sales Development Representative,REVIEVE,"Welcome to RevieveThe world of commerce is in the middle of a transformational shift. This shift is challenging old, transaction-driven... ",,"Atakpamé,Dapaong,Kara,Lomé,Sokodé,International",19.11.2022,/offre-emploi-togo/sales-development-representative-204079
"Marketing Studies Manager, International Scope",ESSILORLUXOTTICA,Location: could be based in Paris where the HQs is or anywhere within the EMEA region.Join a newly created medical teamThe Post Market... ,,"Atakpamé,Dapaong,Kara,Lomé,Sokodé,International",19.11.2022,/offre-emploi-togo/marketing-studies-manager-international-scope-204093
Medical Communication Manager,ESSILORLUXOTTICA,Location: could be based in Paris where the HQs is or anywhere within the EMEA region.Join EssilorLuxottica newly created Medical teamIn... ,,"Atakpamé,Dapaong,Kara,Lomé,Sokodé,International",19.11.2022,/offre-emploi-togo/medical-communication-manager-204095
Contrôleur de Gestion Expérimenté,OIGH,Nous recrutons un Contrôleur de Gestion Expérimenté pour vérifier les dépenses et les procédures de passations de marché en... ,"COMPTABILITÉ,COMPTABILITÉ PUBLIQUE,FINANCE,GESTION","Atakpamé,Dapaong,Kara,Lomé,Sokodé",18.11.2022,/offre-emploi-togo/controleur-gestion-experimente-50665
Secrétaire Comptable H/F,OIGH,ONG recrute pour son siège à Lomé un Secrétaire Comptable H/F.Missions :Toutes taches administratives et de réception des courriers et... ,"ASSISTANAT,AUDIT,BANQUE,COMPTABILITÉ,FINANCE,GESTION,RÉDACTION,SECRÉTARIAT",Lomé,18.11.2022,/offre-emploi-togo/secretaire-comptable-hf-53495
Assistant de Direction Opérationnel,OIGH,"Nous sommes une organisation spécialisée dans le renforcement de la gestion des hôpitaux publics. Et pour nos besoins de service, nous... ","BDD,MICROSOFT,SANTÉ,SANTÉ PUBLIQUE","Atakpamé,Dapaong,Kara,Sokodé",18.11.2022,/offre-emploi-togo/assistant-direction-operationnel-95185
Commercial H/F,FALCON CONSULTING INTERNATIONAL,Objectif du poste :Le commercial est chargé de la commercialisation des produits aux clients et de l’augmentation du chiffre d... ,"ACTIONS COMMERCIALES,COMMERCIALISATION,PROSPECTION,RECOUVREMENT,VENTE","Atakpamé,Dapaong,Kara,Lomé,Sokodé",18.11.2022,/offre-emploi-togo/commercial-192110
Superviseur des Ventes - Togo,FALCON CONSULTING INTERNATIONAL,"Nous recrutons pour une entreprise basée au Togo, un Superviseur des Ventes.Objectif du poste :Le superviseur des ventes est chargé du... ","COMMUNICATION,GESTION COMMERCIALE,MARKETING,MÉDIAS,VENTE","Atakpamé,Dapaong,Kara,Lomé,Sokodé",18.11.2022,/offre-emploi-togo/superviseur-ventes-192121
Chauffeur Professionnel,TOGO CARGO,Notre entreprise Agence GoPro recherche des Chauffeurs Professionnels. Gagnez jusqu'à 120 000 f cfa net par mois en... ,TRANSPORTATION,Lomé,18.11.2022,/offre-emploi-togo/chauffeur-professionnel-199557
Apporteur D'affaire,JOBRELAIS,"Tu es jeune, dynamique, et dispose d'une base de données que tu voudrais mettre à profit ? Bonne nouvelle, le cabinet JobRelais SARL... ","COMPTABILITÉ,CONTRAT DE TRAVAIL,EMBAUCHE,FINANCE,FORMATION,GESTION,PROJETS RH","Atakpamé,Dapaong,Kara,Lomé,Sokodé,International",18.11.2022,/offre-emploi-togo/apporteur-affaire-199658
Commercial H/F,OSHAM,"L’entreprise OSHAM, recrute deux (02) Commerciaux H/F sur la ville de Lomé, maîtrisant parfaitement leurs domaines.... ",VENTE,Lomé,18.11.2022,/offre-emploi-togo/commercial-hf-200155
Web Designer,LE-ZO SARL,Une agence webmarketing recherche un Web Designer qui sera chargé des activités relatives à la commercialisation des sites web... ,"BOOTSTRAP,CHARTE GRAPHIQUE,CMS,COMMUNICATION,CSS,DREAMWEAVER,HTML,INFOGRAPHIE,JAVASCRIPT,WEBMARKETING,WORDPRESS",Lomé,18.11.2022,/offre-emploi-togo/web-designer-200187
"Développeur D’applications Back End (H/F) -  PHP (SYMFONY, LARAVEL)",IT4U,"Nous sommes à la recherche d'un Développeur D’applications Back End (H/F) -  PHP (SYMFONY, LARAVEL) sur la ville de... ","BACK END,GIT,JAVA,LARAVEL,MONGODB,MYSQL,REST,SOAP,SYMFONY,WORDPRESS",Lomé,18.11.2022,/offre-emploi-togo/developpeur-applications-back-end-hf-php-symfony-laravel-200327
Développeur D’application Front End Web/Mobile (H/F) - Angular/Ionic,IT4U,"Missions :Définir l’architecture, et faire des choix techniques nécessaires à la conception des applications web et Mobile;Proposer... ","ANGULAR JS,ANT,BOOTSTRAP,CSS,FRONT END,GIT,HTML,IONIC,LESS",Lomé,18.11.2022,/offre-emploi-togo/developpeur-application-front-end-webmobile-hf-angularionic-200334
"Senior Software Backend Engineer NodeJS- Frankfurt, Germany",BIZ4D,"This is what you’ll do:Architect, design and implement our technology platform, supporting our growth in E-... ",,International,18.11.2022,/offre-emploi-togo/senior-software-backend-engineer-nodejs-frankfurt-germany-200975
Développeur Junior,CAGECFI SA,Titre du poste : Développeur JuniorRattaché à : la Direction Recherche Développement des Innovations TechnologiquesLocalisation : Lomé... ,"WEBDEV,WINDEV",Lomé,18.11.2022,/offre-emploi-togo/developpeur-junior-201048
Responsable Hygiène Sécurité Environnement (H/F) - Lomé,SOROUBAT-TG,"Rattaché au directeur de projet, vos missions principales sont les suivants : Assurer au quotidien la sécurité en respectant la... ","HYGIÈNE,SANTÉ",Lomé,18.11.2022,/offre-emploi-togo/responsable-hygiene-securite-environnement-hf-lome-201108
"Software Developer PHP, Laravel, MySQL- Frankfurt, Germany",BIZ4D,"JOIN, if you…Are well-versed in: PHP, Laravel, MySQL, PythonYou LOVE to develop an existing concept further and permanently improve?... ","LARAVEL,MYSQL,PYTHON",International,18.11.2022,/offre-emploi-togo/software-developer-php-laravel-mysql-frankfurt-germany-201109
"Senior Software Backend Engineer GoLang- Frankfurt, Germany",BIZ4D,"This is what you’ll do:Architect, design and implement our technology platform, supporting our growth in E-... ",,International,18.11.2022,/offre-emploi-togo/senior-software-backend-engineer-golang-frankfurt-germany-201110
Enseignant du Primaire et Secondaire,AVENIR-TOGO,Notre petite école privée de Lomé recherche un Enseignant du Primaire et Secondaire. *******************N'envoyez pas d'argent... ,"CONTRAT DE TRAVAIL,EMBAUCHE,FORMATION",Lomé,18.11.2022,/offre-emploi-togo/enseignant-primaire-secondaire-201136
Regional Director - West and Central Africa / Sector : N.G.O,TOPWORK,"Job Description :This position requires an accomplished, credible, and reliable senior leader with strong experience and a good... ","LEADERSHIP,MANAGEMENT,MANAGEMENT PUBLIC,OPERATIONS MANAGEMENT",International,18.11.2022,/offre-emploi-togo/regional-director-west-central-africa-sector-ngo-201154
Gérante Assistante (boutique ),ARTIFICE,"Une boutique de vente de produits agroalimentaires et divers, sise à Tokoin Casablanca, recrute deux (02) Gérantes Assistantes pour... ",VENTE,Lomé,18.11.2022,/offre-emploi-togo/gerante-assistante-boutique-201222
Responsable Commercial Qualifié H/F,ARTIFICE,"Pour la coordination et la gestion des activités de son service commercial, une société spécialisée dans la distribution et le marketing,... ","GESTION COMMERCIALE,PROSPECTION,PROSPECTION COMMERCIALE,SUIVI COMMERCIAL,VENTE",Lomé,18.11.2022,/offre-emploi-togo/responsable-commercial-qualifie-hf-201223
Stage (pré-emploi) en Génie Logiciel & Développement d'Application,ARTIFICE,"Pour les besoins de ses activités, une Agence créative basée à Lomé, offre des opportunités de Stage de trois (03) mois renouvelables... ","CAKEPHP,COMMUNICATION,CSS3,DESIGN,GIT,GITLAB,GRAPHISME,HTML,IHM,JAVASCRIPT,LARAVEL,MARKETING,MVC,PHOTOSHOP,REACT,UBUNTU,UX",Lomé,18.11.2022,/offre-emploi-togo/stage-pre-emploi-genie-logiciel-developpement-application-201224
Assistante de Direction ,AKARI,"Nous recherchons une Assistante de Direction sur Lomé.Missions :Accueillir, informer et orienter les personnels et les usagers de... ","ASSISTANAT,DOSSIERS,MAILING,PACK OFFICE,REPORTING,SECRÉTARIAT",Lomé,18.11.2022,/offre-emploi-togo/assistante-direction-201370
Assistant de Communication Polyvalente H/F,ATOUTS SERVICES NOW,Nous recherchons un Assistant de Communication Polyvalente H/F (Stagiaire suivi éventuellement d'un CDI) sur Lomé.En lien... ,"COMMUNICATION,RÉDACTION",Lomé,18.11.2022,/offre-emploi-togo/assistant-communication-polyvalente-hf-201436
Webmaster ,ATOUTS SERVICES NOW,Nous recherchons un Webmaster (Prestataire ou Stagiaire suivi éventuellement d'un CDI) sur Lomé.En lien direct avec les... ,"CMS,SEM,WORDPRESS",Lomé,18.11.2022,/offre-emploi-togo/webmaster-201437
Graphic Designer ,ATOUTS SERVICES NOW,Nous recherchons un Graphic Designer (Prestataire ou Stagiaire suivi éventuellement d'un CDI) sur Lomé.En lien direct avec les... ,"BRANDING,COMMUNICATION,GESTION DE LA PUBLICITÉ,ILLUSTRATOR,PHOTOSHOP,PUBLICITÉ",Lomé,18.11.2022,/offre-emploi-togo/graphic-designer-201439
Chargé D’exploitation Informatique BSS H/F,JOBRELAIS,JobRelais SARL recrute pour une entreprise de la place un Chargé D’exploitation Informatique BSS H/F possédant au... ,"ITIL,LINUX,MARIADB,MYSQL,ORACLE,SQL,UNIX","Atakpamé,Dapaong,Kara,Lomé,Sokodé,International",18.11.2022,/offre-emploi-togo/charge-exploitation-informatique-bss-hf-201477
Chef d'Équipe H/F - Haho/Notsè ,MOON TOGO,"Moon Togo, filiale de Moon France, est adjudicataire du programme national « CIZO » visant à électrifier plus de 500 000 foyers... ","DU,MAILING,MAINTENANCE,PROCESSUS,PRODUCTION,PROSPECTION,QUALITÉ,VENTE",Atakpamé,18.11.2022,/offre-emploi-togo/chef-equipe-hf-hahonotse-201486
Technicien Solaire H/F - Haho/Notsè,MOON TOGO,"Moon Togo, filiale de Moon France, est adjudicataire du programme national « CIZO » visant à électrifier plus de 500 000 foyers... ","DU,MAINTENANCE,PRODUCTION,QUALITÉ",Atakpamé,18.11.2022,/offre-emploi-togo/technicien-solaire-hf-hahonotse-201491
Contrôleur de Gestion & Reporting Officer,SMS-TOGO,Missions :Planifier et suivre des opérationsAnalyse des écarts TarificationRédiger des rapports pour le Management et identifier les... ,"ASSET AND LIABILITY MANAGEMENT,COMPTABILITÉ,FINANCE,GESTION,GESTION DES STOCKS,STOCKS,TRANSPORTATION",Lomé,18.11.2022,/offre-emploi-togo/controleur-gestion-reporting-officer-201493
Commercial H/F,AXE CAPITAL HUMAIN,"AXE CAPITAL HUMAIN S.A recrute pour une entreprise de la place un Commercial H/F, possédant au minimum deux ans d’expérience.... ","ACTIONS COMMERCIALES,MAILING,NÉGOCIATION,PROSPECTION,PROSPECTION COMMERCIALE,TECHNIQUES DE VENTE,VENTE",Lomé,18.11.2022,/offre-emploi-togo/commercial-hf-201577
Gérant de Société,SMS-TOGO,Vos missions :Gérer une entreprise de fourniture d'équipements médicaux.Coordonner toutes les opérations et les activités de l'... ,"COMPTABILITÉ,DÉVELOPPEMENT COMMERCIAL,FINANCE,GESTION,MANAGEMENT,STRATÉGIE,STRATÉGIE DE DÉVELOPPEMENT,VENTE",Lomé,18.11.2022,/offre-emploi-togo/gerant-societe-201680
Gérant D'un Dépôt De Gaz,SAVTAMAK BUSINESS CENTER,CENTRE COMMERCIAL SAVTAMAK recherche pour un de ses partenaires un Gérant D'un Dépôt De GazLieu: AMADAHOME- VakpossitoHEURES... ,VENTE,Lomé,18.11.2022,/offre-emploi-togo/gerant-depot-gaz-202079
Délégué Médical ,PLC TOGO,"Missions :Élaborer et proposer un plan d'action annuel, le mettre en œuvre et en assurer le suiviPlanifier et respecter scrupuleusement... ","3D 2D,GESTION COMMERCIALE,VENTE",Lomé,18.11.2022,/offre-emploi-togo/delegue-medical-202253
Développeur Web et d'Application,BENIN DIGITAL,L’entreprise :Bénin Digital est une Entreprise de Services du Numérique (ESN) spécialisée dans la digitalisation des processus... ,"CSS,GIT,HIBERNATE,JAVASCRIPT,JENKINS,JSP,JUNIT,MAVEN,MOCKITO,MVC,NODE JS,PL SQL,POSTGRESQL,REST,SOAP,SPRING,SQL,TOMCAT","Atakpamé,Dapaong,Kara,Lomé,Sokodé",18.11.2022,/offre-emploi-togo/developpeur-web-application-202325
Stagiaire Assistante Secrétaire,SENIORES CONSULTING,"Un bureau d’étude spécialisée dans la formation, étude, assistance et conseil, recherche pour un stage une Assistante Secrétaire... ","ASSISTANAT,ASSISTANCE,BUREAUTIQUE,DOSSIERS,GESTION DU COURRIER,PACK OFFICE,POWERPOINT,REPORTING,SECRÉTARIAT,WORD",Lomé,18.11.2022,/offre-emploi-togo/stagiaire-assistante-secretaire-202461
Ingénieur de Système Informatique ,BENIN DIGITAL,L'entreprise :Bénin Digital est une Entreprise de Services du Numérique (ESN) spécialisée dans la digitalisation des processus métiers... ,,International,18.11.2022,/offre-emploi-togo/ingenieur-systeme-informatique-202605
Infirmier de Chantier,SOROUBAT-TG,"Directement rattaché au Chef de Chantier, vos missions sur site :Réaliser les soins d’urgences sur le chantierRéaliser les soins se... ","HYGIÈNE,INFIRMERIE,MÉDECINE,SANTÉ,SOINS D'URGENCE",Lomé,18.11.2022,/offre-emploi-togo/infirmier-chantier-202629
Enseignant Primaire H/F,ACADÉMIE INTERNATIONALE DÉO GRATIAS (AIDEG),"Pour la phase de démarrage prévue pour septembre 2022, l'Académie est à la recherche de plusieurs profils pour joindre son équipe.... ","CONTRAT DE TRAVAIL,EMBAUCHE,ENSEIGNEMENT,FORMATION",Lomé,18.11.2022,/offre-emploi-togo/enseignant-primaire-hf-202655
Chef Atelier Garage,CINEF SAS,Nous recherchons un Chef Atelier Garage pour le compte d'un complexe industriel.Finalité :  Encadrement et coordination... ,"BTP,DU,ÉLECTROMÉCANIQUE,MAINTENANCE,PRODUCTION,QUALITÉ",International,18.11.2022,/offre-emploi-togo/chef-atelier-garage-202766
Serveuse,ELOGIA HOTEL,"Missions :Effectue le service au comptoir, en salle, en terrasse de boissons chaudes ou froides selon la législation relative à la... ",RESTAURATION,Lomé,18.11.2022,/offre-emploi-togo/serveuse-202986
Serveuse,ELOGIA HOTEL,"Nous recherchons pour nos besoins de service des Serveuses sur Lomé.Missions :Effectue le service au comptoir, en salle, en... ","RESTAURATION,SERVICE DE RESTAURATION",Lomé,18.11.2022,/offre-emploi-togo/serveuse-202987
Commercial H/F,CHATEAU FORT,Nous recherchons pour nos besoins de service des Commerciaux H/F sur Lomé.Missions :Il propose des produits adaptés au... ,,Lomé,18.11.2022,/offre-emploi-togo/commercial-hf-202991
Chargé d'Étude Fibre Optique ,BENIN DIGITAL,L’entreprise :Bénin Digital est une Entreprise de Services du Numérique (ESN) spécialisée dans la digitalisation des processus... ,SIG,International,18.11.2022,/offre-emploi-togo/charge-etude-fibre-optique-203388
HR Recruiter Senior Traineeship,BIZ4D,"We are Biz4d, a German consulting firm based in Frankfurt, is a fast-paced workplace where we work on mentorship programs for corporate... ",FORMATION,"Atakpamé,Dapaong,Kara,Lomé,Sokodé,International",18.11.2022,/offre-emploi-togo/hr-recruiter-senior-traineeship-203424
Secrétaire Expérimentée,JOBRELAIS,Le cabinet Jobrelais SARL recrute pour une importante société dans le domaine de finance une Secrétaire Expérimentée.Missions :Au sein d... ,"COMPTABILITÉ,DOCUMENTS ADMINISTRATIFS,FINANCE,GESTION",Lomé,18.11.2022,/offre-emploi-togo/secretaire-experimentee-203588
Comptable,ETS MAWOUROBI,Nous recherchons pour nos besoins de service un Comptable. Missions :La tenue de la caisse ;Assurer toute autre tâche en... ,"COMPTABILITÉ,FINANCE,GESTION",Lomé,18.11.2022,/offre-emploi-togo/secretaire-comptable-203605
Trésorier H/F,JOBRELAIS,"Une ONG de développement à vocation locale, nationale, régionale et internationale en cours de création pour débuter comme une association... ","COMPTABILITÉ,ÉTATS FINANCIERS,FINANCE,GESTION,RAPPORTS FINANCIERS","Atakpamé,Dapaong,Kara,Lomé,Sokodé,International",18.11.2022,/offre-emploi-togo/tresorier-hf-203743
"Software Frontend Engineer - Frankfurt, Germany",BIZ4D,"This is what you’ll do :Architect, design and implement our technology platform, supporting our growthImplement product features that... ","AGILE,CSS,CSS3,JAVASCRIPT,MAGENTO,REACT","Atakpamé,Dapaong,Kara,Lomé,Sokodé,International",18.11.2022,/offre-emploi-togo/software-frontend-engineer-frankfurt-germany-203824
Stagiaire en Génie Civil / BTP,DATALOGOS,"À partir d’une idée de réalisation d’un ouvrage, vous définissez, planifiez, coordonnez et supervisez l'exécution des... ",BTP,"Lomé,International",18.11.2022,/offre-emploi-togo/stagiaire-genie-civil-btp-203830
"Java Developer - Frankfurt, Germany",BIZ4D,"About the Java role :Our airline customers operate in a very tough economic environment, and our ability to build and deploy... ","AGILE,DOCKER,GIT,HIBERNATE,JAVA,MAVEN,SPRING","Atakpamé,Dapaong,Kara,Lomé,Sokodé,International",18.11.2022,/offre-emploi-togo/java-developer-frankfurt-germany-203951
ANGULAR Developer (M/F),AFRICASHORE,"We are looking for ANGULAR Developer profiles / CVs to pass on to our clients for their future recruitment campaigns.
 
Mission:... ","BOOTSTRAP,CSS3,CVS,GIT,JAVASCRIPT,JQUERY,LESS,MVC,MYSQL,REST","Atakpamé,Dapaong,Kara,Lomé,Sokodé,International",18.11.2022,/offre-emploi-togo/angular-developer-mf-203968
DevOps Engineer (M/F),AFRICASHORE,"We are looking for DevOps Engineer profiles / CVs to pass on to our clients for their future recruitment campaigns.
 
Mission:... ","ARTIFACTORY,AZURE,CVS,DOCKER,ECLIPSE,GIT,GITLAB,JAVA,JAVASCRIPT,JENKINS,JIRA,LESS,LINUX,ORACLE,POSTGIS,POSTGRESQL,PYTHON,SCRUM,SHELL,SONARQUBE","Atakpamé,Dapaong,Kara,Lomé,Sokodé,International",18.11.2022,/offre-emploi-togo/devops-engineer-mf-203969
DOTNET Developer (M/F),AFRICASHORE,"We are looking for DOTNET Developer profiles / CVs to pass on to our clients for their future recruitment campaigns.
 
Mission:... ","API,ASP,C#,CSS,CVS,DOTNET,FRONT END,HTML,HTTP,LINUX,MVC,MYSQL,NET,QUERY,REST,SOAP,SQL","Atakpamé,Dapaong,Kara,Lomé,Sokodé,International",18.11.2022,/offre-emploi-togo/dotnet-developer-mf-203970
IOS Developer (M/F),AFRICASHORE,"We are looking for iOS Developer profiles / CVs to pass on to our clients for their future recruitment campaigns.
 
Mission:
 ... ","AGILE,APP,COCOA,CVS,FOUNDATION,GIT,SWIFT,TMS","Atakpamé,Dapaong,Kara,Lomé,Sokodé,International",18.11.2022,/offre-emploi-togo/ios-developer-mf-203971
JAVA Developer (M/F),AFRICASHORE,"We are looking for JAVA Developer profiles / CVs to pass on to our clients for their future recruitment campaigns.
 
Mission:... ","AGILE,API,BOOTSTRAP,CONFLUENCE,CVS,GIT,GRAILS,GROOVY,GWT,HIBERNATE,HTML,JAVA,JAVASCRIPT,JENKINS,JIRA,JQUERY,JSF,ORACLE,REDIS,SPRING","Atakpamé,Dapaong,Kara,Lomé,Sokodé,International",18.11.2022,/offre-emploi-togo/java-developer-mf-203972
JAVA JEE Developer (M/F),AFRICASHORE,"We are looking for JAVA JEE Developer profiles / CVs to pass on to our clients for their future recruitment campaigns.
 
Mission:... ","BIG DATA,CASSANDRA,DOCKER,GIT,HIBERNATE,HTML,J2EE,JAVA JEE,JBOSS,JENKINS,MAVEN,NOSQL,REST,SOAP,SPARK,SPRING,SQL,STRUTS,WEBLOGIC","Atakpamé,Dapaong,Kara,Lomé,Sokodé,International",18.11.2022,/offre-emploi-togo/java-jee-developer-mf-203973
JAVASCRIPT Developer (M/F),AFRICASHORE,"<We are looking for JAVASCRIPT Developer profiles / CVs to pass on to our clients for their future recruitment campaigns.
 
Mission... ","ANGULAR JS,API,BACKBONE JS,CSS,CVS,DOJO,HTML,JAVASCRIPT,JENKINS,JQUERY,MONGODB,ORACLE","Atakpamé,Dapaong,Kara,Lomé,Sokodé,International",18.11.2022,/offre-emploi-togo/javascript-developer-mf-203974
KOTLIN Developer (M/F),AFRICASHORE,"We are looking for KOTLIN Developer profiles / CVs to pass on to our clients for their future recruitment campaigns.
 
Mission:... ","AGILE,ANDROID,API,APP,AZURE,CVS,DNS,DOCKER,GIT,JAVA,JENKINS,LOAD BALANCING,MAC,MAVEN,MVVM,OPENSTACK,PAAS,SDK,TCP IP,XML","Atakpamé,Dapaong,Kara,Lomé,Sokodé,International",18.11.2022,/offre-emploi-togo/kotlin-developer-mf-203975
LARAVEL Developer (M/F),AFRICASHORE,"We are looking for LARAVEL Developer profiles / CVs to pass on to our clients for their future recruitment campaigns.
 
Mission:... ","AJAX,CODEIGNITER,CSS,CVS,GIT,HTML,JAVASCRIPT,JQUERY,LARAVEL,MARIADB,MVC,MYSQL,NOSQL,QUERY,SOAP,SQL,TFS","Atakpamé,Dapaong,Kara,Lomé,Sokodé,International",18.11.2022,/offre-emploi-togo/laravel-developer-mf-203976
NODE.JS Developer (M/F),AFRICASHORE,"We are looking for NODE.JS Developer profiles / CVs to pass on to our clients for their future recruitment campaigns.
 
Mission:... ","CSS3,CVS,DOCKER,GIT,JAVASCRIPT,JIRA,JQUERY,JSON,LESS,MONGODB,MVC,MYSQL,NODE JS,NOSQL,POSTGRESQL,REACT,REDIS,REST,SQL,XML","Atakpamé,Dapaong,Kara,Lomé,Sokodé,International",18.11.2022,/offre-emploi-togo/nodejs-developer-mf-203977
OBJECTIVE-C Developer (M/F),AFRICASHORE,"We are looking for OBJECTIVE-C Developer profiles / CVs to pass on to our clients for their future recruitment campaigns.
 
Mission:... ","ANDROID,APP,COCOA,CSS,CVS,EDGE,GIT,HTML,JAVASCRIPT,JQUERY,JSON,LINUX,MAC,MERCURIAL,OSX,REST,SWIFT,XML","Atakpamé,Dapaong,Kara,Lomé,Sokodé,International",18.11.2022,/offre-emploi-togo/objective-c-developer-mf-203978
PHP Developer (M/F),AFRICASHORE,"We are looking for PHP Developer profiles / CVs to pass on to our clients for their future recruitment campaigns.
 
Mission:
 ... ","AJAX,API,CODEIGNITER,CSS3,CVS,GIT,JAVASCRIPT,LARAVEL,MAGENTO,MERCURIAL,MONGODB,MVC,MYSQL,NOSQL,ORACLE,SQL,SYMFONY,XML,ZEND","Atakpamé,Dapaong,Kara,Lomé,Sokodé,International",18.11.2022,/offre-emploi-togo/php-developer-mf-203979
PYTHON Developer (M/F),AFRICASHORE,"We are looking for PYTHON Developer profiles / CVs to pass on to our clients for their future recruitment campaigns.
 
Mission:... ","AGILE,API,CSS,CVS,DJANGO,HTML,PYTHON,SCRUM,SQL,TORNADO","Atakpamé,Dapaong,Kara,Lomé,Sokodé,International",18.11.2022,/offre-emploi-togo/python-developer-mf-203980
QA Tester (M/F),AFRICASHORE,"We are looking for QA Tester profiles / CVs to pass on to our clients for their future recruitment campaigns.
 
Mission: 
 ... ","AGILE,API,APP,CVS,JAVA,MAVEN,MYSQL,SCRUM,SELENIUM,SQL","Atakpamé,Dapaong,Kara,Lomé,Sokodé,International",18.11.2022,/offre-emploi-togo/qa-tester-mf-203981
REACT Developer (M/F),AFRICASHORE,"We are looking for REACT Developer profiles / CVs to pass on to our clients for their future recruitment campaigns.
 
Mission:... ","BOOTSTRAP,CSS,CVS,GIT,JAVA,JAVASCRIPT,JQUERY,LESS,REACT","Atakpamé,Dapaong,Kara,Lomé,Sokodé,International",18.11.2022,/offre-emploi-togo/react-developer-mf-203982
RUBY ON RAILS Developer (M/F),AFRICASHORE,"We are looking for RUBY ON RAILS Developer profiles / CVs to pass on to our clients for their future recruitment campaigns.
 
Mission... ","AGILE,CSS,CVS,DOCKER,GIT,HTML,JAVASCRIPT,JIRA,JQUERY,MONGODB,MYSQL,POSTGRESQL,RUBY ON RAILS","Atakpamé,Dapaong,Kara,Lomé,Sokodé,International",18.11.2022,/offre-emploi-togo/ruby-on-rails-developer-mf-203983
SWIFT Developer (M/F),AFRICASHORE,"We are looking for SWIFT Developer profiles / CVs to pass on to our clients for their future recruitment campaigns.
 
Mission:... ","AGILE,CVS,GIT,MERCURIAL,REST,SCRUM,SWIFT","Atakpamé,Dapaong,Kara,Lomé,Sokodé,International",18.11.2022,/offre-emploi-togo/swift-developer-mf-203984
Test and Validation Engineer (M/F),AFRICASHORE,"We are looking for Test and Validation Engineer profiles / CVs to pass on to our clients for their future recruitment campaigns.
 ... ","CVS,RHEL,SUSE","Atakpamé,Dapaong,Kara,Lomé,Sokodé,International",18.11.2022,/offre-emploi-togo/test-validation-engineer-mf-203985
Test Automation Engineer (M/F),AFRICASHORE,"We are looking for Test Automation Engineer profiles / CVs to pass on to our clients for their future recruitment campaigns.
 
Mission... ","API,CVS,GIT,GITLAB,JAVASCRIPT,JENKINS,LINUX,MATRIX,MYSQL,ORACLE,PYTHON,SHELL,SQL","Atakpamé,Dapaong,Kara,Lomé,Sokodé,International",18.11.2022,/offre-emploi-togo/test-automation-engineer-mf-203986
UX / UI Designer (M/F),AFRICASHORE,"We are looking for UX / UI Designer profiles / CVs to pass on to our clients for their future recruitment campaigns.
 
Mission:... ","AJAX,BOOTSTRAP,CSS,CVS,GIT,HTML,ILLUSTRATOR,JAVASCRIPT,PHOTOSHOP","Atakpamé,Dapaong,Kara,Lomé,Sokodé,International",18.11.2022,/offre-emploi-togo/ux-ui-designer-mf-203987
AWS Cloud Architect (M/F),AFRICASHORE,We are looking for AWS Cloud Architect profiles / CVs to share with our clients for their future recruitment campaigns. ... ,"AGILE,ALM,BASH,CVS,DNS,DOCKER,HTTP,IOT,JENKINS,LOAD BALANCING,PUPPET,PYTHON,REACT,SCRUM,SSL","Atakpamé,Dapaong,Kara,Lomé,Sokodé,International",18.11.2022,/offre-emploi-togo/aws-cloud-architect-mf-203988
AWS Solutions Architect (M/F),AFRICASHORE,"We are looking for AWS Solutions Architect profiles / CVs to share with our clients for their future recruitment campaigns.
 ... ","API,BIG DATA,CENTOS,CVS,DMS,DNS,DOCKER,HADOOP,HTTP,LINUX,RDS,SPARK,TALEND","Atakpamé,Dapaong,Kara,Lomé,Sokodé,International",18.11.2022,/offre-emploi-togo/aws-solutions-architect-mf-203989
AZURE Solutions Architect (M/F),AFRICASHORE,"We are looking for AZURE Solutions Architect profiles / CVs to share with our clients for their future recruitment campaigns.
 ... ","ACCESS,AGILE,ARM,AZURE,COSMOS,CVS,PAAS,REDIS,SHELL,SQL","Atakpamé,Dapaong,Kara,Lomé,Sokodé,International",18.11.2022,/offre-emploi-togo/azure-solutions-architect-mf-203990
Cloud Architect (M/F),AFRICASHORE,"We are looking for Cloud Architect profiles / CVs to share with our clients for their future recruitment campaigns.
 
Mission:... ","AGILE,API,ARM,AZURE,C#,COSMOS,CVS,LESS,NOSQL,PAAS,SQL,VM","Atakpamé,Dapaong,Kara,Lomé,Sokodé,International",18.11.2022,/offre-emploi-togo/cloud-architect-mf-203991
Cloud Computing and Virtualization Engineer (M/F),AFRICASHORE,We are looking for Cloud Computing and Virtualization Engineer profiles / CVs to share with our clients for their future recruitment... ,"AZURE,CVS,DOCKER,LINUX","Atakpamé,Dapaong,Kara,Lomé,Sokodé,International",18.11.2022,/offre-emploi-togo/cloud-computing-virtualization-engineer-mf-203992
Cloud Engineer (M/F),AFRICASHORE,"We are looking for Cloud Engineer profiles / CVs to share with our clients for their future recruitment campaigns.
 
Mission... ","API,ARM,BGP,CVS,IAM,PUPPET,PYTHON,RDS,REST","Atakpamé,Dapaong,Kara,Lomé,Sokodé,International",18.11.2022,/offre-emploi-togo/cloud-engineer-mf-203993
Cloud Microservices Architect (M/F),AFRICASHORE,We are looking for Cloud Microservices Architect profiles / CVs to share with our clients for their future recruitment campaigns.... ,"ACCESS,AGILE,AZURE,CVS,DOCKER","Atakpamé,Dapaong,Kara,Lomé,Sokodé,International",18.11.2022,/offre-emploi-togo/cloud-microservices-architect-mf-203994
Cloud System Administrator (M/F),AFRICASHORE,"We are looking for Cloud System Administrator profiles / CVs to share with our clients for their future recruitment campaigns.
 ... ","AZURE,CENTOS,CVS,DOCKER,LINUX,PERL,PREMISE,PYTHON,REDHAT,VPN,WAN","Atakpamé,Dapaong,Kara,Lomé,Sokodé,International",18.11.2022,/offre-emploi-togo/cloud-system-administrator-mf-203995
Cloud System Integrator (M/F),AFRICASHORE,"We are looking for Cloud System Integrator profiles / CVs to share with our clients for their future recruitment campaigns.
 
Mission... ","AGILE,CVS","Atakpamé,Dapaong,Kara,Lomé,Sokodé,International",18.11.2022,/offre-emploi-togo/cloud-system-integrator-mf-203996
Cyber Security Engineer (M/F),AFRICASHORE,"We are looking for Cyber Security Engineer profiles / CVs to share with our clients for their future recruitment campaigns.
 
Mission... ","CVS,ENDPOINT,IDEAL,JAVASCRIPT,PUBLISHER,PYTHON,VM","Atakpamé,Dapaong,Kara,Lomé,Sokodé,International",18.11.2022,/offre-emploi-togo/cyber-security-engineer-mf-203997
DATASTAGE Architect (M/F),AFRICASHORE,"We are looking for DATASTAGE Architect profiles / CVs to share with our clients for their future recruitment campaigns.
 
Mission:... ","AZURE,CVS,DATASTAGE,INFORMATICA,J2EE,JAVA,MONGODB,ORACLE,SQL,TALEND","Atakpamé,Dapaong,Kara,Lomé,Sokodé,International",18.11.2022,/offre-emploi-togo/datastage-architect-mf-203998
GENESYS Architect (M/F),AFRICASHORE,"We are looking for GENESYS Architect profiles / CVs to share with our clients for their future recruitment campaigns.
 
Mission:

Deep... ","BASH,CVS,GENESYS,JAVA,JAVASCRIPT,PAAS,POWERSHELL,PYTHON,VMWARE","Atakpamé,Dapaong,Kara,Lomé,Sokodé,International",18.11.2022,/offre-emploi-togo/genesys-architect-mf-203999
Network Architect (M/F),AFRICASHORE,"We are looking for Network Architect profiles / CVs to share with our clients for their future recruitment campaigns.
 
Mission:... ","BGP,CISCO,CVS,DHCP,DNS,ETHERNET,JUNIPER,MPLS,PYTHON,SNMP,TCP IP,WAN","Atakpamé,Dapaong,Kara,Lomé,Sokodé,International",18.11.2022,/offre-emploi-togo/network-architect-mf-204000
Commercial,SIME TOGO,Nous recherchons un Commercial pour nos besoins.Objectif de la fonction :Assurer le développement économique de la sociétéAssurer la... ,"COMMERCIALISATION,NÉGOCIATION,PROPOSITION COMMERCIALE,PROSPECTION,SUIVI DES CLIENTS,TECHNIQUES DE VENTE,VENTE",International,18.11.2022,/offre-emploi-togo/commercial-204092
Data Analyste,AXE CAPITAL HUMAIN,Description du poste :Le Data Analyste donne vie aux données recueillies par le chargé du reporting en les interprétant pour des... ,"PYTHON,SAS,VBA",Lomé,18.11.2022,/offre-emploi-togo/data-analyste-204311
Consultant en Stratégie Marketing,CAGECFI SA,"Contexte :Le Cabinet de Gestion, de Conseils en Finance et d’Informatique (CAGECFI SA) s’est fixé pour objectif stratégique... ","BRANDING,COMMUNICATION,MARKETING,PLAN DE COMMUNICATION,POSITIONNEMENT,STRATÉGIE MARKETING",Lomé,18.11.2022,/offre-emploi-togo/consultant-strategie-marketing-204317
Formateur Digital H/F,DIGITAL MANAGEMENT,"DIGITAL MANAGEMENT, société de renommée internationale, spécialisée dans le Business développement et le Marketing Digital, présente dans... ","COMMUNICATION,DÉVELOPPEMENT MARKETING,FORMATION,FORMATION CONTINUE,MARKETING,MARKETING DIGITAL,MÉDIAS,MODULES DE FORMATION","Atakpamé,Dapaong,Kara,Lomé,Sokodé,International",18.11.2022,/offre-emploi-togo/formateur-digital-hf-204341
Designer Graphique Senior H/F,DIGITAL MANAGEMENT,"Société internationale de renommée, spécialisée dans le Business développement et Marketing Digital, présente dans 18 pays et opérant dans... ","COMMUNICATION,DESIGN,DÉVELOPPEMENT MARKETING,MARKETING,MARKETING DIGITAL,MÉDIAS,RELATION CLIENTS,SUPPORTS MARKETING,WEB MANAGEMENT","Atakpamé,Dapaong,Kara,Lomé,Sokodé,International",18.11.2022,/offre-emploi-togo/designer-graphique-senior-hf-204353
Chargé de Qualité H/F,DIGITAL MANAGEMENT,"DIGITAL MANAGEMENT, Société de renommée internationale, spécialisée dans le Business développement et le Marketing Digital, présente dans... ","AMÉLIORATION CONTINUE,COMMUNICATION,DÉVELOPPEMENT MARKETING,DU,MAINTENANCE,MANAGEMENT DE LA QUALITÉ,MARKETING,MARKETING DIGITAL,MÉDIAS,NON-CONFORMITÉ,OPTIQUE,PROCESS,PROCESSING,PRODUCTION,QUALITÉ","Atakpamé,Dapaong,Kara,Lomé,Sokodé,International",18.11.2022,/offre-emploi-togo/charge-qualite-hf-204354
Ingénieur Virtualisation VMWare H/F,DIGITAL MANAGEMENT,"DIGITAL MANAGEMENT, Société de renommée internationale, spécialisée dans le Business développement et le Marketing Digital, présente dans... ","COMMUNICATION,DÉVELOPPEMENT MARKETING,LINUX,MARKETING,MARKETING DIGITAL,MÉDIAS,MICROSOFT,VIRTUALISATION,VMWARE","Atakpamé,Dapaong,Kara,Lomé,Sokodé,International",18.11.2022,/offre-emploi-togo/ingenieur-virtualisation-vmware-hf-204355
Talent Acquisition Manager,DIGITAL MANAGEMENT ,"Digital Management, société internationale de renommée, spécialisée dans le Business développement, présente dans 18 pays et opérant dans... ","COMMUNICATION,FORMATION,FORMATION EN COMMUNICATION,MARKETING,MÉDIAS,PROCESSUS DE RECRUTEMENT,RECRUTEMENT,RÉDACTION,STRATÉGIE RH,TALENT ACQUISITION","Atakpamé,Dapaong,Kara,Lomé,Sokodé,International",18.11.2022,/offre-emploi-togo/talent-acquisition-manager-204371
Chargé SEA H/F,DIGITAL MANAGEMENT ,"DIGITAL MANAGEMENT, Société de renommée internationale, spécialisée dans le Business développement et le Marketing Digital, présente dans... ","ADVERTISING,ADWORDS,COMMUNICATION,COMMUNICATION DIGITALE,COMMUNICATION MARKETING,DÉVELOPPEMENT MARKETING,MARKETING,MARKETING DIGITAL,MÉDIAS,MICROSOFT,PUBLICITÉ,RÉDACTION,SEA,SEARCH ENGINE ADVERTISING,SEARCH ENGINE MARKETING,SEM,TRACKING,WEB COMMUNICATION,WEBMARKETING","Atakpamé,Dapaong,Kara,Lomé,Sokodé,International",18.11.2022,/offre-emploi-togo/charge-sea-hf-204372
Expert Elasticsearch (ELK) and Data Integration,DIGITAL MANAGEMENT ,"DIGITAL MANAGEMENT, Société de renommée internationale, spécialisée dans le Business développement et le Marketing Digital, présente dans... ","BATCH,BIG DATA,CASSANDRA,COMMUNICATION,DATAVIZ,ELASTICSEARCH,ELK,HDFS,HUB,JAVA,LOGSTASH,MARKETING,MARKETING DIGITAL,MYSQL,POSTGRESQL,PREMISE,PYTHON,SCALA,SPARK,UNIX","Atakpamé,Dapaong,Kara,Lomé,Sokodé,International",18.11.2022,/offre-emploi-togo/expert-elasticsearch-elk-data-integration-204373
Serveur H/F,BAR LA FIERTÉ - BAR RESTO,Nous recherchons activement un Serveur pour servir au restaurant du bar la fierté.,VENTE,Lomé,18.11.2022,/offre-emploi-togo/serveur-hf-204461
Assistant de Gestion H/F,CABINET IMC,Le cabinet IMC recrute pour l'un de ses clients un Assistant de Gestion H/F.Missions :Il sera chargé d'assister le responsable dans... ,"ADMINISTRATION,ADMINISTRATION DU PERSONNEL,ASSISTANAT,ASSISTANCE,ASSISTANCE ADMINISTRATIVE,DOSSIERS,SECRÉTARIAT",Lomé,18.11.2022,/offre-emploi-togo/assistant-gestion-hf-204551
English-speaking Software Support Technicians,CAGECFI SA,"Reporting to the English-speaking zones technical support team manager, your main mission will be requested to be the technical support of... ",,Lomé,18.11.2022,/offre-emploi-togo/english-speaking-software-support-technicians-204885
Sales Representative,CAGECFI SA,"Reporting to the English-speaking zones technical support team manager and the Business Development Department, your main mission will be... ","BUSINESS DEVELOPMENT,VENTE",Lomé,18.11.2022,/offre-emploi-togo/sales-representative-204887
Director Of Product Marketing,OMNIPRESENT,"Who we areRemote work is one of the great equalizers of our time, allowing people to secure employment opportunities from companies around... ",,"Atakpamé,Dapaong,Kara,Lomé,Sokodé",18.11.2022,/offre-emploi-togo/director-of-product-marketing-204886
Senior Business Development Manager,OMNIPRESENT,"Who we are :Remote work is one of the great equalizers of our time, allowing people to secure employment opportunities from companies... ",,"Atakpamé,Dapaong,Kara,Lomé,Sokodé",18.11.2022,/offre-emploi-togo/senior-business-development-manager-204877
Senior Product Manager (Payroll / Payments Experience),OMNIPRESENT,"Who we are :Remote work is one of the great equalizers of our time, allowing people to secure employment opportunities from companies... ",,"Atakpamé,Dapaong,Kara,Lomé,Sokodé",18.11.2022,/offre-emploi-togo/senior-product-manager-payroll-payments-experience-204882
Head Of Marketing Operations - Fully Remote,OMNIPRESENT,"Why ?With so many companies transitioning to remote work, having a global-first approach to talent is becoming the norm. Omnipresent... ",,"Atakpamé,Dapaong,Kara,Lomé,Sokodé",17.11.2022,/offre-emploi-togo/head-of-marketing-operations-fully-remote-204803
Senior Data Engineer,OMNIPRESENT,"Description :At Omnipresent we have centralized data and insights which means all data, and insights derived from that data, are available... ",,"Atakpamé,Dapaong,Kara,Lomé,Sokodé",17.11.2022,/offre-emploi-togo/senior-data-engineer-204813
Senior Developer Experience Engineer,HOTJAR,"While this is a remote position, we can not consider candidates that are not based in these regions. You can find a detailed explanation in... ",,"Atakpamé,Dapaong,Kara,Lomé,Sokodé",17.11.2022,/offre-emploi-togo/senior-developer-experience-engineer-204761
"Senior Software Engineer, Platform Team",HOTJAR,"At Hotjar, we’re creating Product Experience Insights software for digital product teams. We help show how users behave and what they... ",,"Atakpamé,Dapaong,Kara,Lomé,Sokodé",17.11.2022,/offre-emploi-togo/senior-software-engineer-platform-team-204757
"Lead Software Engineer, Python",HOTJAR,"At Hotjar, we’re creating Product Experience Insights software for digital product teams. We help show how users behave and what they... ",,"Atakpamé,Dapaong,Kara,Lomé,Sokodé",17.11.2022,/offre-emploi-togo/lead-software-engineer-python-204759
"Lead Software Engineer, Security",HOTJAR,"At Hotjar, we’re creating Product Experience Insights software for digital product teams. We help show how users behave and what they... ",,"Atakpamé,Dapaong,Kara,Lomé,Sokodé",17.11.2022,/offre-emploi-togo/lead-software-engineer-security-204756
Senior Technical Support Specialist,HITACHI VANTARA,"What you will be doing :The Senior Technical Support Specialist provides technical support, advice, and assistance to Hitachi Vantara... ","ACCESS,API,BROCADE,CISCO,EMC,EXCHANGE,IBM,LINUX,MSCS,ORACLE,PYTHON,REST,TCP IP,VMWARE","Atakpamé,Dapaong,Kara,Lomé,Sokodé,International",03.11.2022,/offre-emploi-togo/senior-technical-support-specialist-202899
AWS Consulting Software Engineer - 100% Remote,HITACHI VANTARA,"Our Company :Hitachi Vantara, a wholly owned subsidiary of Hitachi, Ltd., helps data-driven leaders use the value in their data to... ",,"Atakpamé,Dapaong,Kara,Lomé,Sokodé,International",03.11.2022,/offre-emploi-togo/aws-consulting-software-engineer-100-remote-202902
Principal Consultant - 100% Remote,HITACHI VANTARA,"Our Company :Hitachi Vantara, a wholly owned subsidiary of Hitachi, Ltd., helps data-driven leaders use the value in their data to... ",,"Atakpamé,Dapaong,Kara,Lomé,Sokodé,International",03.11.2022,/offre-emploi-togo/principal-consultant-100-remote-202903
Responsable Moyens Généraux et Paie H/F,CFAO,"Nous recrutons un Responsable Moyens Généraux et Paie H/F.Il/Elle aura pour mission d'assurer le maintien en bon état des équipements,... ",,"Atakpamé,Dapaong,Kara,Lomé,Sokodé",02.11.2022,/offre-emploi-togo/responsable-moyens-generaux-paie-hf-202806
Directeur Administratif et Financier H/F - Togo,MORGAN PHILIPS GROUP,"Morgan Philips, the Digital Headhunting company, recrute pour l'un de ses clients, leader dans le secteur des télécommunications un... ",,"Atakpamé,Dapaong,Kara,Lomé,Sokodé",02.11.2022,/offre-emploi-togo/directeur-administratif-financier-hf-togo-202807
Senior Accountant,SEALASKA CONSTRUCTORS,About This RoleWoocheen LLC is looking for a detail-oriented senior accountant to join its Accounting & Finance team. The... ,,"Atakpamé,Dapaong,Kara,Lomé,Sokodé",02.11.2022,/offre-emploi-togo/senior-accountant-202808
"Sales Leader, Bilingual",SUN KING,"Job Location :Lomé, Togo (CVs should be submitted in English)About the role :The Sales Leader is a senior seasoned sales professional, who... ",,"Atakpamé,Dapaong,Kara,Lomé,Sokodé",02.11.2022,/offre-emploi-togo/sales-leader-bilingual-202809
Regional Advisor Inclusive Eye Health Africa West and Central,CBM CHRISTIAN BLIND MISSION,These are your responsibilities :Provide strategic and technical leadership in the development and implementation of all inclusive eye... ,,"Atakpamé,Dapaong,Kara,Lomé,Sokodé",27.10.2022,/offre-emploi-togo/regional-advisor-inclusive-eye-health-africa-west-central-202119
Consulting Analyst,SHARE,Role of the consulting analyst :The consulting analyst will work on ShARE consulting engagement.He/she will be part of our consulting team... ,,"Atakpamé,Dapaong,Kara,Lomé,Sokodé",26.10.2022,/offre-emploi-togo/consulting-analyst-202107
Director Executive Education,SHARE,Role :The Director will have 3 core responsibilities :Develop and implement our executive education offer in Togo for private sector and... ,"GESTION,MANAGEMENT","Atakpamé,Dapaong,Kara,Lomé,Sokodé",26.10.2022,/offre-emploi-togo/director-executive-education-202108
Alumni Coordinator,SHARE,Role of the Alumni Coordinator Manager :The Alumni Coordinator will mainly support the local teams in the following responsibilities :... ,,"Atakpamé,Dapaong,Kara,Lomé,Sokodé",26.10.2022,/offre-emploi-togo/alumni-coordinator-202109
Sales Director,MBR PARTNERS,Our client is looking experienced sales lead to position and sell NFV probe-based service assurance solution. The individual will be... ,,"Atakpamé,Dapaong,Kara,Lomé,Sokodé,International",20.10.2022,/offre-emploi-togo/sales-director-201557
Internal Integration Developer,EXCLUSIVE NETWORKS UK,"This is an amazing opportunity for an Internal Integration Developer to join our global integrations team, the role offers candidates a... ",,"Atakpamé,Dapaong,Kara,Lomé,Sokodé,International",20.10.2022,/offre-emploi-togo/internal-integration-developer-201560
Electronic Data Interchange Developer,EXCLUSIVE NETWORKS UK,"This is an amazing opportunity for an External Integration Developer to join our global integrations team, the role offers candidates a... ",,"Atakpamé,Dapaong,Kara,Lomé,Sokodé,International",20.10.2022,/offre-emploi-togo/electronic-data-interchange-developer-201562
Media Relations Manager,NAUKKA LAB,"Naukka Lab is a communication agency, which helps scientists and science-based startups by explaining to investors, the market and society... ",,"Atakpamé,Dapaong,Kara,Lomé,Sokodé,International",14.10.2022,/offre-emploi-togo/media-relations-manager-201086
Office Coordinator (Scheduling)-Full Time Days/Evenings,MARY WASHINGTON HEALTHCARE,"Job Summary :This position is accountable to obtain and verify all patient insurance and pre-authorization information, perform scheduling... ",SANTÉ,"Atakpamé,Dapaong,Kara,Lomé,Sokodé",13.10.2022,/offre-emploi-togo/office-coordinator-scheduling-full-time-daysevenings-201059
Product Manager,HYLAND,The Product Manager will manage the direction and market delivery of existing products and will identify new products product features... ,,"Atakpamé,Dapaong,Kara,Lomé,Sokodé",08.10.2022,/offre-emploi-togo/product-manager-200577
Expert National,CONSULT SERVICES SYNERGIE,"Consult Services Synergie (cabinet spécialisé en Stratégie, Organisation et Conseil en Ressources Humaines) recrute pour une structure de... ",,"Atakpamé,Dapaong,Kara,Lomé,Sokodé",08.10.2022,/offre-emploi-togo/expert-national-200579
Manager Communication H/F,TOGOCOM,"Le groupe TOGOCOM, dans le cadre du renforcement de son équipe Communication, recherche pour un contrat à durée indéterminée d’un... ",,"Atakpamé,Dapaong,Kara,Lomé,Sokodé",08.10.2022,/offre-emploi-togo/manager-communication-hf-200582
Commercial H/F,KOKO INTERNATIONAL,Vous êtes dynamiques et aimer Vendre ? Vous êtes l’aise avec les chiffres et avez un bon contact client ?Vous êtes de nature sereine... ,,"Atakpamé,Dapaong,Kara,Lomé,Sokodé",08.10.2022,/offre-emploi-togo/commercial-hf-200583
Commercial H/F,EDOKING COMMUNICATION,"L’agence EDOKING COMMUNICATION, recrute de toute urgence des Commerciaux H/F. *******************N'envoyez... ",,"Atakpamé,Dapaong,Kara,Lomé,Sokodé",08.10.2022,/offre-emploi-togo/commercial-hf-200585
Senior Security Engineer,CLICKUP,"The Role :Perform some or all of the following, depending on skill-set :Design and build security features and defenses that protect the... ",,"Atakpamé,Dapaong,Kara,Lomé,Sokodé,International",07.10.2022,/offre-emploi-togo/senior-security-engineer-201213
Principal Backend Engineer,CLICKUP,"Role :Lead hands-on the design, implementation, and maintenance of highly scalable, high-quality backend APIs, services, and the most... ","DOCKER,LAYER,POSTGRESQL,REDIS,SQL","Atakpamé,Dapaong,Kara,Lomé,Sokodé,International",07.10.2022,/offre-emploi-togo/principal-backend-engineer-201212
Technical Support Specialist,CLICKUP,The Role :Troubleshooting and testing technical issues for our clients.Providing timely and accurate customer feedback.Talking customers... ,,"Atakpamé,Dapaong,Kara,Lomé,Sokodé,International",07.10.2022,/offre-emploi-togo/technical-support-specialist-201208
Senior Backend Engineer,CLICKUP,"Role :Lead hands-on the design, implementation, and maintenance of highly scalable, high-quality backend APIs, services, and the most... ",,"Atakpamé,Dapaong,Kara,Lomé,Sokodé,International",07.10.2022,/offre-emploi-togo/senior-backend-engineer-201210
Global Clinical Project Manager,EMMES,"The Emmes Company, LLC (“Emmes”) is a global, full-service Clinical Research Organization dedicated to excellence in supporting... ",SANTÉ,"Atakpamé,Dapaong,Kara,Lomé,Sokodé,International",06.10.2022,/offre-emploi-togo/global-clinical-project-manager-201163
Financial Analyst - Healthcare / CRO Experience,EMMES,"The Emmes Company, LLC (“Emmes"") is a global, full-service Clinical Research Organization dedicated to excellence in supporting... ","COMPTABILITÉ,FINANCE,FINANCIAL ANALYSIS,FORECASTING,GESTION,PRICING,SANTÉ","Atakpamé,Dapaong,Kara,Lomé,Sokodé,International",06.10.2022,/offre-emploi-togo/financial-analyst-healthcare-cro-experience-201162
Principal Programmer Analyst,PPD,Job Description :We are vital links between an idea for a new medicine and the people who need it. We are the people of PPD - thousands of... ,,"Atakpamé,Dapaong,Kara,Lomé,Sokodé,International",06.10.2022,/offre-emploi-togo/principal-programmer-analyst-201160
Compliance Manager - GxP Vendor Quality,PPD,Job DescriptionWe are vital links between an idea for a new medicine and the people who need it. We are the people of PPD (a division of... ,,"Atakpamé,Dapaong,Kara,Lomé,Sokodé,International",06.10.2022,/offre-emploi-togo/compliance-manager-gxp-vendor-quality-201161
Alumni Coordinator - Lomé,SHARE,"About ShAREShARE is an innovative start-up at the crossroad of education and consulting, which offers a leadership programme to university... ",,"Atakpamé,Dapaong,Kara,Lomé,Sokodé",06.10.2022,/offre-emploi-togo/alumni-coordinator-lome-200387
"Technical Support Analyst, Cloud Solutions",HYLAND,"We are looking for customer service driven individuals who enjoy problem solving, team collaboration, and are hungry to learn. As a... ",,"Atakpamé,Dapaong,Kara,Lomé,Sokodé",06.10.2022,/offre-emploi-togo/technical-support-analyst-cloud-solutions-200391
Golang Developer - Xk6-browser,GRAFANA LABS,"In June 2021 Grafana Labs acquired k6 - a Stockholm-based startup behind the open-source load testing tool for engineering teams. With k6,... ","BETA,DOCKER,GRAFANA,JAVASCRIPT,OPEN SOURCE,OSS","Atakpamé,Dapaong,Kara,Lomé,Sokodé,International",06.10.2022,/offre-emploi-togo/golang-developer-xk6-browser-200396
Office Coordinator (Scheduling)-Part Time-Days/Evenings,MARY WASHINGTON HEALTHCARE,"Job Summary :This position is accountable to obtain and verify all patient insurance and pre-authorization information, perform scheduling... ",SANTÉ,"Atakpamé,Dapaong,Kara,Lomé,Sokodé",05.10.2022,/offre-emploi-togo/office-coordinator-scheduling-part-time-daysevenings-201060
Unreal Engine Developer,TOPTAL,About The JobToptal developers work with speed and efficiency to deliver the highest quality of work. We are looking for someone who is... ,,"Atakpamé,Dapaong,Kara,Lomé,Sokodé,International",03.10.2022,/offre-emploi-togo/unreal-engine-developer-200844
Elixir Developer,TOPTAL,About The JobToptal developers work with speed and efficiency to deliver the highest quality of work. We are looking for someone who is... ,,"Atakpamé,Dapaong,Kara,Lomé,Sokodé,International",03.10.2022,/offre-emploi-togo/elixir-developer-200842
Data Engineer,TOPTAL,About The JobToptal developers work with speed and efficiency to deliver the highest quality of work. We are looking for someone who is... ,,"Atakpamé,Dapaong,Kara,Lomé,Sokodé,International",03.10.2022,/offre-emploi-togo/data-engineer-200843
Principle Cloud Engineer,"SOLERA, INC",The Role :We are looking for a Principal Cloud Engineer to join our virtual Cloud team supporting Solera’s key public cloud... ,,"Atakpamé,Dapaong,Kara,Lomé,Sokodé,International",01.10.2022,/offre-emploi-togo/principle-cloud-engineer-199863
IT/OT Support Analyst,RED GLOBAL,RED Global is looking to hire a IT/OT Support Analyst for a contractual position on behalf of one of our international clients.... ,,"Atakpamé,Dapaong,Kara,Lomé,Sokodé,International",01.10.2022,/offre-emploi-togo/itot-support-analyst-199865
Payroll Lead,OYSTER,"Location : While this position is posted in a specific location, all of Oyster’s positions are fully remote and you can work... ",,"Atakpamé,Dapaong,Kara,Lomé,Sokodé,International",01.10.2022,/offre-emploi-togo/payroll-lead-199868
Marine Digital Business Lead,SURVITEC GROUP LTD,"Vacancy Title : Digital Business Lead Marine.Vacancy Location :RemoteEngagement Type : Permanent, Full Time.Your Company :... ",,"Atakpamé,Dapaong,Kara,Lomé,Sokodé,International",30.09.2022,/offre-emploi-togo/marine-digital-business-lead-199788
Commercial Account Executive,GRAFANA LABS,Grafana Labs is looking for Commercial Account Executive who will be responsible for prospecting and closing new business across... ,,"Atakpamé,Dapaong,Kara,Lomé,Sokodé,International",28.09.2022,/offre-emploi-togo/commercial-account-executive-200392
Data Engineer,TOPTAL,About The JobToptal developers work with speed and efficiency to deliver the highest quality of work. We are looking for someone who is... ,,"Atakpamé,Dapaong,Kara,Lomé,Sokodé,International",27.09.2022,/offre-emploi-togo/data-engineer-200219
Web Designer,TOPTAL,About The JobToptal designers work with speed and efficiency to deliver the highest quality of work. We are looking for someone who is... ,,"Atakpamé,Dapaong,Kara,Lomé,Sokodé,International",27.09.2022,/offre-emploi-togo/web-designer-200221
UI Designer,TOPTAL,About The JobToptal designers work with speed and efficiency to deliver the highest quality of work. We are looking for someone who is... ,,"Atakpamé,Dapaong,Kara,Lomé,Sokodé,International",27.09.2022,/offre-emploi-togo/ui-designer-200223
ECommerce Developer,TOPTAL,About The JobToptal developers work with speed and efficiency to deliver the highest quality of work. We are looking for someone who is... ,,"Atakpamé,Dapaong,Kara,Lomé,Sokodé,International",27.09.2022,/offre-emploi-togo/ecommerce-developer-200218
Quantitative UX Researcher,STORM3,An exciting and fast-growing scale-up aims to enable companies across the gaming and healthcare industries to... ,,"Atakpamé,Dapaong,Kara,Lomé,Sokodé,International",23.09.2022,/offre-emploi-togo/quantitative-ux-researcher-199870
UI Designer,TOPTAL,About The JobToptal designers work with speed and efficiency to deliver the highest quality of work. We are looking for someone who is... ,,"Atakpamé,Dapaong,Kara,Lomé,Sokodé,International",22.09.2022,/offre-emploi-togo/ui-designer-199798
Web Designer,TOPTAL,About The JobToptal designers work with speed and efficiency to deliver the highest quality of work. We are looking for someone who is... ,,"Atakpamé,Dapaong,Kara,Lomé,Sokodé,International",22.09.2022,/offre-emploi-togo/web-designer-199801
Mobile App Designer,TOPTAL,About The JobToptal designers work with speed and efficiency to deliver the highest quality of work. We are looking for someone who is... ,,"Atakpamé,Dapaong,Kara,Lomé,Sokodé,International",22.09.2022,/offre-emploi-togo/mobile-app-designer-199795
Mobile App Designer,TOPTAL,About The JobToptal designers work with speed and efficiency to deliver the highest quality of work. We are looking for someone who is... ,,"Atakpamé,Dapaong,Kara,Lomé,Sokodé,International",20.09.2022,/offre-emploi-togo/mobile-app-designer-199577
UI Designer,TOPTAL,About The JobToptal designers work with speed and efficiency to deliver the highest quality of work. We are looking for someone who is... ,,"Atakpamé,Dapaong,Kara,Lomé,Sokodé,International",20.09.2022,/offre-emploi-togo/ui-designer-199578
Enterprise Customer Success Manager,GRAFANA LABS,"Do you enjoy building relationships, solving challenges, and learning new technology ? If you do, come join our Success team at Grafana... ",,"Atakpamé,Dapaong,Kara,Lomé,Sokodé,International",20.09.2022,/offre-emploi-togo/enterprise-customer-success-manager-199575
Senior Manager Sales Operations,GRAFANA LABS,Grafana Labs is looking for Enterprise Account Executive who will be responsible for prospecting and closing new business across... ,,"Atakpamé,Dapaong,Kara,Lomé,Sokodé,International",20.09.2022,/offre-emploi-togo/senior-manager-sales-operations-199574
